n,nn,rnn,brute_force
5,0.000025,0.000021,0.000022
6,0.000019,0.000021,0.000025
7,0.000020,0.000021,0.000051
8,0.000025,0.000023,0.000263
9,0.000020,0.000023,0.002387
10,0.000020,0.000026,0.023916
11,0.000019,0.000025,0.269619
12,0.000019,0.000030,3.003460
13,0.000021,0.000031,30.461367
14,0.000021,0.000035,
